sender,recipient,body,tags,action,date
,4798569264,boo,,,2015-09-15 06:58:21 UTC
,4798569264,boo,,,2015-09-15 07:00:34 UTC
8245362333,+16788902463,register agent jordy,,register,2015-09-15 04:50:37 UTC
1348486887,+16788902463,Commodi quas dolores.,,,2015-09-15 04:50:37 UTC
+16788902463,482.680.1969,Voluptate.,,,2015-09-15 04:50:37 UTC
1080182518,+16788902463,register agent dallin,,register,2015-09-15 04:50:37 UTC
6008267927,+16788902463,Dolore cupiditate eum tenetur dicta facilis.,,,2015-09-15 04:50:37 UTC
+16788902463,109.746.1715,Reiciendis est recusandae ad sunt sed.,,,2015-09-15 04:50:37 UTC
1609919478,+16788902463,register agent barney,,register,2015-09-15 04:50:37 UTC
5545868733,+16788902463,Eius pariatur iure.,,,2015-09-15 04:50:37 UTC
+16788902463,1-393-526-3424,Omnis.,,,2015-09-15 04:50:37 UTC
5203515831,+16788902463,register agent judson.mccullough,,register,2015-09-15 04:50:37 UTC
8726493036,+16788902463,Non ut consectetur illum error quis.,,,2015-09-15 04:50:37 UTC
+16788902463,(612) 537-3058,Assumenda expedita dolorum sit.,,,2015-09-15 04:50:37 UTC
9855482341,+16788902463,register agent shawna,,register,2015-09-15 04:50:37 UTC
1884078334,+16788902463,Et dolorem aut quibusdam.,,,2015-09-15 04:50:37 UTC
+16788902463,608-819-6810,Aut est modi tempora.,,,2015-09-15 04:50:37 UTC
6730476364,+16788902463,register agent kiarra,,register,2015-09-15 04:50:37 UTC
7330613364,+16788902463,Et qui.,,,2015-09-15 04:50:37 UTC
+16788902463,(175) 484-2498,Non.,,,2015-09-15 04:50:37 UTC
7183669286,+16788902463,register agent magnolia.heidenreich,,register,2015-09-15 04:50:37 UTC
7371351987,+16788902463,Rerum sequi velit sed repellendus voluptatibus.,,,2015-09-15 04:50:37 UTC
+16788902463,(266) 925-7308,Quidem excepturi.,,,2015-09-15 04:50:37 UTC
0735731771,+16788902463,register agent nia,,register,2015-09-15 04:50:37 UTC
2528353543,+16788902463,Beatae magnam odit quibusdam voluptatum.,,,2015-09-15 04:50:37 UTC
+16788902463,(847) 935-8486,Mollitia et.,,,2015-09-15 04:50:37 UTC
7589681731,+16788902463,register agent delia,,register,2015-09-15 04:50:37 UTC
1638979108,+16788902463,Quo.,,,2015-09-15 04:50:37 UTC
+16788902463,558-577-4646,Dolorem voluptas cupiditate rem non molestias.,,,2015-09-15 04:50:37 UTC
8637683168,+16788902463,register agent ludie.hilll,,register,2015-09-15 04:50:37 UTC
8582836433,+16788902463,Consequatur facere veritatis.,,,2015-09-15 04:50:37 UTC
+16788902463,(890) 995-4499,Aliquid omnis id.,,,2015-09-15 04:50:37 UTC
5112386662,+16788902463,register agent lorna,,register,2015-09-15 04:50:37 UTC
6916611228,+16788902463,Iusto qui et et recusandae.,,,2015-09-15 04:50:37 UTC
+16788902463,285-248-5901,Fugiat rerum aliquid hic repellendus.,,,2015-09-15 04:50:37 UTC
4236315348,+16788902463,register agent columbus,,register,2015-09-15 04:50:37 UTC
6873442171,+16788902463,Omnis consequatur qui numquam ut.,,,2015-09-15 04:50:37 UTC
+16788902463,1-406-635-9538,Nam et.,,,2015-09-15 04:50:37 UTC
6658104563,+16788902463,register agent bailee.boyer,,register,2015-09-15 04:50:37 UTC
4762356327,+16788902463,Eos sed error eum minima.,,,2015-09-15 04:50:37 UTC
+16788902463,(468) 780-0435,Consequatur qui sit perferendis aut et.,,,2015-09-15 04:50:37 UTC
9307277179,+16788902463,register agent cecil,,register,2015-09-15 04:50:37 UTC
2654071788,+16788902463,Dolorum maiores labore facilis et.,,,2015-09-15 04:50:37 UTC
+16788902463,(156) 715-9803,Blanditiis et.,,,2015-09-15 04:50:37 UTC
2595313879,+16788902463,register agent vergie,,register,2015-09-15 04:50:37 UTC
5895131228,+16788902463,Est omnis non qui et.,,,2015-09-15 04:50:37 UTC
+16788902463,1-392-569-7196,Earum.,,,2015-09-15 04:50:37 UTC
8451570095,+16788902463,register agent rosemary,,register,2015-09-15 04:50:37 UTC
2411372421,+16788902463,Quae.,,,2015-09-15 04:50:37 UTC
+16788902463,1-340-221-3748,Qui nihil commodi.,,,2015-09-15 04:50:37 UTC
1387686849,+16788902463,register agent alverta,,register,2015-09-15 04:50:37 UTC
2521689437,+16788902463,Qui minima qui odit omnis.,,,2015-09-15 04:50:37 UTC
+16788902463,936.808.7671,Sed est neque aliquid.,,,2015-09-15 04:50:37 UTC
1497277440,+16788902463,register agent clemmie.swaniawski,,register,2015-09-15 04:50:37 UTC
6587984475,+16788902463,Doloribus necessitatibus deleniti esse earum.,,,2015-09-15 04:50:37 UTC
+16788902463,699.003.7184,Deserunt.,,,2015-09-15 04:50:37 UTC
7486622699,+16788902463,register agent alfredo.barrows,,register,2015-09-15 04:50:37 UTC
9285473242,+16788902463,Velit quia.,,,2015-09-15 04:50:37 UTC
+16788902463,867.118.1272,Nihil a.,,,2015-09-15 04:50:37 UTC
5119206251,+16788902463,register agent chelsie.treutel,,register,2015-09-15 04:50:37 UTC
2913665117,+16788902463,Totam dolor.,,,2015-09-15 04:50:37 UTC
+16788902463,1-116-636-9027,Ut quibusdam rerum temporibus commodi harum.,,,2015-09-15 04:50:37 UTC
